<?xml version="1.0" encoding="UTF-8"?>
<beans xmlns="http://www.springframework.org/schema/beans"
    xmlns:xsi="http://www.w3.org/2001/XMLSchema-instance"
    xsi:schemaLocation="
        http://www.springframework.org/schema/beans 
        http://www.springframework.org/schema/beans/spring-beans.xsd">

 <bean id="Employee" class="com.ntt.collection.Employee">

<property name="addr1" > 
<list>
	<value>Bangalore</value>
	<value>Mumbai</value>
	<value>Delhi</value>
</list>
</property>
<property name="addr2" > 
<list>
	<value>Bangalore</value>
	<value>Mumbai</value>
	<value>Delhi</value>
</list>
</property>

</bean>
</beans>